{
  "Perfect [[5,1,3]]": {
    "exponents": [
      0.933506940611387,
      0.7755619621673839,
      0.7106117714896113,
      0.42649050870609767,
      0.9581565822014939,
      0.6290004047045649,
      0.898092007250121,
      0.9958086976681954,
      0.9655075844965497,
      0.40158445460354897,
      0.8964496219709499,
      0.788722426288167,
      0.8337898185095821,
      0.8679126483349388,
      0.8154962259026488,
      0.9958348330404069,
      0.6870900926951133,
      0.9089707436794595,
      0.9238811064762581,
      0.9023846445119047
    ],
    "max_complexities": [
      4.185144115589592,
      3.6660579832268483,
      3.933295565131231,
      2.5438987583910464,
      5.149267436441352,
      3.4942845519356283,
      4.927432363544456,
      4.8176383048913305,
      5.164563761589505,
      2.4414661441903553,
      4.019981532457562,
      4.36276331908506,
      4.606133996132967,
      4.782420213368487,
      4.508330876894843,
      4.818085859547197,
      3.805030354759605,
      4.058555549920162,
      5.037785026310781,
      4.94684897864603
    ],
    "exp_mean": 0.8157426537654192,
    "exp_std": 0.1663635892651063,
    "max_c_mean": 4.263449234602702,
    "max_c_std": 0.7689939248886251
  },
  "Steane [[7,1,3]]": {
    "exponents": [
      0.843434881506667,
      0.8959133160052669,
      0.791247660433574,
      0.7950891437345489,
      0.8944871141233101,
      0.9096651985794802,
      0.8678822466798831,
      0.7616477219339698,
      0.8299631876805877,
      0.9094931498479593,
      0.8090397412882895,
      0.897343791520053,
      0.9076751152788111,
      0.9034734555543894,
      0.8996970535180592,
      0.8736188041545295,
      0.8172988863577343,
      0.8566661283208216,
      0.9041303304327545,
      0.8083889650499045
    ],
    "max_complexities": [
      9.048208126062192,
      11.182527143142769,
      7.71874235331729,
      7.794508092969856,
      11.111204229194417,
      11.888769684732036,
      9.843488520739132,
      7.259167217378376,
      8.648706347722904,
      11.87971374618743,
      8.099841858850665,
      11.254844653100204,
      11.784196710758117,
      11.567089586000415,
      11.374268727568554,
      10.105976721038306,
      8.304197674417992,
      9.467491628027425,
      11.600776171060737,
      8.084500646815565
    ],
    "exp_mean": 0.8588077946000297,
    "exp_std": 0.0466800270735644,
    "max_c_mean": 9.90091099195422,
    "max_c_std": 1.6122900327018725
  }
}